time,INJECT1:wrat,INJECT2:wrat,INJECT3:wrat,INJECT4:wrat,INJECT5:wrat,INJECT6:wrat,INJECT7:wrat,INJECT8:wrat,PROD1:wrat,PROD2:wrat,PROD3:wrat,PROD4:wrat,INJECT1:orat,INJECT2:orat,INJECT3:orat,INJECT4:orat,INJECT5:orat,INJECT6:orat,INJECT7:orat,INJECT8:orat,PROD1:orat,PROD2:orat,PROD3:orat,PROD4:orat,INJECT1:grat,INJECT2:grat,INJECT3:grat,INJECT4:grat,INJECT5:grat,INJECT6:grat,INJECT7:grat,INJECT8:grat,PROD1:grat,PROD2:grat,PROD3:grat,PROD4:grat,INJECT1:bhp,INJECT2:bhp,INJECT3:bhp,INJECT4:bhp,INJECT5:bhp,INJECT6:bhp,INJECT7:bhp,INJECT8:bhp,PROD1:bhp,PROD2:bhp,PROD3:bhp,PROD4:bhp
86400,0.000920138888888889,0.000920138888888889,0.000920138888888889,0.000920138888888889,0.000920138888888889,0.000920138888888889,0.000920138888888889,0.000920138888888889,-1.70192193671426e-13,-2.77147646396311e-14,-2.88366881813547e-13,-1.75404670212355e-13,0,0,0,0,0,0,0,0,-0.00149348029383907,-0.00361064557675962,-0.00100676077383536,-0.00123016843089351,0,0,0,0,0,0,0,0,0,0,0,0,0,0,0,0,0,0,0,0,0,0,0,0
432000,0.000920138888888889,0.000920138888888889,0.000920138888888889,0.000920138888888889,0.000920138888888889,0.000920138888888889,0.000920138888888889,0.000920138888888889,0,0,0,0,0,0,0,0,0,0,0,0,-0.0015116513216937,-0.00359622354860659,-0.00101557828761913,-0.00123631212446425,0,0,0,0,0,0,0,0,0,0,0,0,0,0,0,0,0,0,0,0,0,0,0,0
864000,0.000920138888888889,0.000920138888888889,0.000920138888888889,0.000920138888888889,0.000920138888888889,0.000920138888888889,0.000920138888888889,0.000920138888888889,0,0,0,0,0,0,0,0,0,0,0,0,-0.00151844943011249,-0.00358804950007686,-0.00101725693102236,-0.00123707806622541,0,0,0,0,0,0,0,0,0,0,0,0,0,0,0,0,0,0,0,0,0,0,0,0
1728000,0.000920138888888889,0.000920138888888889,0.000920138888888889,0.000920138888888889,0.000920138888888889,0.000920138888888889,0.000920138888888889,0.000920138888888889,0,0,0,0,0,0,0,0,0,0,0,0,-0.00152544109909623,-0.00357603708902995,-0.00102071974012587,-0.0012387075247588,0,0,0,0,0,0,0,0,0,0,0,0,0,0,0,0,0,0,0,0,0,0,0,0
2592000,0.000920138888888889,0.000920138888888889,0.000920138888888889,0.000920138888888889,0.000920138888888889,0.000920138888888889,0.000920138888888889,0.000920138888888889,0,0,0,0,0,0,0,0,0,0,0,0,-0.00153135105415627,-0.00356556857073749,-0.00102413839764065,-0.00123979789239389,0,0,0,0,0,0,0,0,0,0,0,0,0,0,0,0,0,0,0,0,0,0,0,0
3456000,0.000920138888888889,0.000920138888888889,0.000920138888888889,0.000920138888888889,0.000920138888888889,0.000920138888888889,0.000920138888888889,0.000920138888888889,0,0,0,0,0,0,0,0,0,0,0,0,-0.00153365223496049,-0.00355814156708894,-0.0010268254633303,-0.00124214499085038,0,0,0,0,0,0,0,0,0,0,0,0,0,0,0,0,0,0,0,0,0,0,0,0
4320000,0.000920138888888889,0.000920138888888889,0.000920138888888889,0.000920138888888889,0.000920138888888889,0.000920138888888889,0.000920138888888889,0.000920138888888889,0,0,0,0,0,0,0,0,0,0,0,0,-0.00153687883306433,-0.00355039985091598,-0.00102906182960228,-0.00124466860735858,0,0,0,0,0,0,0,0,0,0,0,0,0,0,0,0,0,0,0,0,0,0,0,0
5184000,0.000920138888888889,0.000920138888888889,0.000920138888888889,0.000920138888888889,0.000920138888888889,0.000920138888888889,0.000920138888888889,0.000920138888888889,0,0,0,0,0,0,0,0,0,0,0,0,-0.00153927467487476,-0.00354349842777959,-0.00103072890528926,-0.00124678911986174,0,0,0,0,0,0,0,0,0,0,0,0,0,0,0,0,0,0,0,0,0,0,0,0
6048000,0.000920138888888889,0.000920138888888889,0.000920138888888889,0.000920138888888889,0.000920138888888889,0.000920138888888889,0.000920138888888889,0.000920138888888889,0,0,0,0,0,0,0,0,0,0,0,0,-0.00154118979418719,-0.00353835671036332,-0.00103280650244819,-0.00124929534064399,0,0,0,0,0,0,0,0,0,0,0,0,0,0,0,0,0,0,0,0,0,0,0,0
6912000,0.000920138888888889,0.000920138888888889,0.000920138888888889,0.000920138888888889,0.000920138888888889,0.000920138888888889,0.000920138888888889,0.000920138888888889,0,0,0,0,0,0,0,0,0,0,0,0,-0.00154260246841996,-0.00353110172130443,-0.00103487156055592,-0.00125277898929737,0,0,0,0,0,0,0,0,0,0,0,0,0,0,0,0,0,0,0,0,0,0,0,0
7776000,0.000920138888888889,0.000920138888888889,0.000920138888888889,0.000920138888888889,0.000920138888888889,0.000920138888888889,0.000920138888888889,0.000920138888888889,0,0,0,0,0,0,0,0,0,0,0,0,-0.00154306676652696,-0.00352449169865361,-0.00103686685915346,-0.00125654220581055,0,0,0,0,0,0,0,0,0,0,0,0,0,0,0,0,0,0,0,0,0,0,0,0
9072000,0.000920138888888889,0.000920138888888889,0.000920138888888889,0.000920138888888889,0.000920138888888889,0.000920138888888889,0.000920138888888889,0.000920138888888889,0,0,0,0,0,0,0,0,0,0,0,0,-0.00154549015892877,-0.00351105866608796,-0.00104104077374494,-0.00126289862173575,0,0,0,0,0,0,0,0,0,0,0,0,0,0,0,0,0,0,0,0,0,0,0,0
10368000,0.000920138888888889,0.000920138888888889,0.000920138888888889,0.000920138888888889,0.000920138888888889,0.000920138888888889,0.000920138888888889,0.000920138888888889,0,0,0,0,0,0,0,0,0,0,0,0,-0.00154972924126519,-0.00349386992277922,-0.00104670612900345,-0.00127089120723583,0,0,0,0,0,0,0,0,0,0,0,0,0,0,0,0,0,0,0,0,0,0,0,0
11664000,0.000920138888888889,0.000920138888888889,0.000920138888888889,0.000920138888888889,0.000920138888888889,0.000920138888888889,0.000920138888888889,0.000920138888888889,0,0,0,0,0,0,0,0,0,0,0,0,-0.00155821764910663,-0.00346757747508861,-0.00105378221582483,-0.00128069241841634,0,0,0,0,0,0,0,0,0,0,0,0,0,0,0,0,0,0,0,0,0,0,0,0
12960000,0.000920138888888889,0.000920138888888889,0.000920138888888889,0.000920138888888889,0.000920138888888889,0.000920138888888889,0.000920138888888889,0.000920138888888889,0,-1.93840417045134e-05,0,0,0,0,0,0,0,0,0,0,-0.00159308822066696,-0.00335046944794831,-0.0010787511754919,-0.00131829261779785,0,0,0,0,0,0,0,0,0,0,0,0,0,0,0,0,0,0,0,0,0,0,0,0
14256000,0.000920138888888889,0.000920138888888889,0.000920138888888889,0.000920138888888889,0.000920138888888889,0.000920138888888889,0.000920138888888889,0.000920138888888889,0,-0.000103448452772918,0,0,0,0,0,0,0,0,0,0,-0.00164431624942356,-0.00312500388533981,-0.00111484474605984,-0.00137211225650929,0,0,0,0,0,0,0,0,0,0,0,0,0,0,0,0,0,0,0,0,0,0,0,0
15552000,0.000920138888888889,0.000920138888888889,0.000920138888888889,0.000920138888888889,0.000920138888888889,0.000920138888888889,0.000920138888888889,0.000920138888888889,0,-0.000200123764850475,0,0,0,0,0,0,0,0,0,0,-0.00168462664992721,-0.00291202545166016,-0.00114517715242174,-0.00141785453867029,0,0,0,0,0,0,0,0,0,0,0,0,0,0,0,0,0,0,0,0,0,0,0,0
16848000,0.000920138888888889,0.000920138888888889,0.000920138888888889,0.000920138888888889,0.000920138888888889,0.000920138888888889,0.000920138888888889,0.000920138888888889,0,-0.000284675381801746,0,0,0,0,0,0,0,0,0,0,-0.00171327749888102,-0.00274050094463207,-0.00116819549489904,-0.00145339082788538,0,0,0,0,0,0,0,0,0,0,0,0,0,0,0,0,0,0,0,0,0,0,0,0
18144000,0.000920138888888889,0.000920138888888889,0.000920138888888889,0.000920138888888889,0.000920138888888889,0.000920138888888889,0.000920138888888889,0.000920138888888889,0,-0.000349146834126225,0,0,0,0,0,0,0,0,0,0,-0.00173203538965296,-0.00261618349287245,-0.0011846618299131,-0.00147901773452759,0,0,0,0,0,0,0,0,0,0,0,0,0,0,0,0,0,0,0,0,0,0,0,0
19440000,0.000920138888888889,0.000920138888888889,0.000920138888888889,0.000920138888888889,0.000920138888888889,0.000920138888888889,0.000920138888888889,0.000920138888888889,0,-0.000416242060837922,0,0,0,0,0,0,0,0,0,0,-0.00175833861033122,-0.00246350906513355,-0.00120706690682305,-0.00151406994572392,0,0,0,0,0,0,0,0,0,0,0,0,0,0,0,0,0,0,0,0,0,0,0,0
20736000,0.000920138888888889,0.000920138888888889,0.000920138888888889,0.000920138888888889,0.000920138888888889,0.000920138888888889,0.000920138888888889,0.000920138888888889,0,-0.000505618872465911,0,0,0,0,0,0,0,0,0,0,-0.00177931891547309,-0.00230286562884295,-0.00122677308541757,-0.00154516785233109,0,0,0,0,0,0,0,0,0,0,0,0,0,0,0,0,0,0,0,0,0,0,0,0
22032000,0.000920138888888889,0.000920138888888889,0.000920138888888889,0.000920138888888889,0.000920138888888889,0.000920138888888889,0.000920138888888889,0.000920138888888889,0,-0.000600755082236396,0,0,0,0,0,0,0,0,0,0,-0.0017945220735338,-0.00215485802403203,-0.00124176987895259,-0.00156912220848931,0,0,0,0,0,0,0,0,0,0,0,0,0,0,0,0,0,0,0,0,0,0,0,0
23328000,0.000920138888888889,0.000920138888888889,0.000920138888888889,0.000920138888888889,0.000920138888888889,0.000920138888888889,0.000920138888888889,0.000920138888888889,0,-0.000691776187331588,0,0,0,0,0,0,0,0,0,0,-0.00180808261588768,-0.00201667662020083,-0.00125462664498223,-0.00158933215671115,0,0,0,0,0,0,0,0,0,0,0,0,0,0,0,0,0,0,0,0,0,0,0,0
24624000,0.000920138888888889,0.000920138888888889,0.000920138888888889,0.000920138888888889,0.000920138888888889,0.000920138888888889,0.000920138888888889,0.000920138888888889,0,-0.000789960490332709,0,0,0,0,0,0,0,0,0,0,-0.00181606539973506,-0.00188604672749837,-0.00126402854919434,-0.00160388928872568,0,0,0,0,0,0,0,0,0,0,0,0,0,0,0,0,0,0,0,0,0,0,0,0
25920000,0.000920138888888889,0.000920138888888889,0.000920138888888889,0.000920138888888889,0.000920138888888889,0.000920138888888889,0.000920138888888889,0.000920138888888889,0,-0.000901448991563585,0,0,0,0,0,0,0,0,0,0,-0.00182022942437066,-0.00175211094043873,-0.00127142588297526,-0.00161547819773356,0,0,0,0,0,0,0,0,0,0,0,0,0,0,0,0,0,0,0,0,0,0,0,0
28512000,0.000920138888888889,0.000920138888888889,0.000920138888888889,0.000920138888888889,0.000920138888888889,0.000920138888888889,0.000920138888888889,0.000920138888888889,0,-0.00111710380624842,0,0,0,0,0,0,0,0,0,0,-0.00181230703989665,-0.00152056658709491,-0.00128247658411662,-0.00162862866013138,0,0,0,0,0,0,0,0,0,0,0,0,0,0,0,0,0,0,0,0,0,0,0,0
31104000,0.000920138888888889,0.000920138888888889,0.000920138888888889,0.000920138888888889,0.000920138888888889,0.000920138888888889,0.000920138888888889,0.000920138888888889,-2.69582702053918e-06,-0.00132676071590847,0,0,0,0,0,0,0,0,0,0,-0.0017143675133034,-0.00136471668879191,-0.00130617565578885,-0.00164570437537299,0,0,0,0,0,0,0,0,0,0,0,0,0,0,0,0,0,0,0,0,0,0,0,0
33696000,0.000920138888888889,0.000920138888888889,0.000920138888888889,0.000920138888888889,0.000920138888888889,0.000920138888888889,0.000920138888888889,0.000920138888888889,-3.7899696164661e-05,-0.00154950795350251,0,0,0,0,0,0,0,0,0,0,-0.00145064645343357,-0.00128053453233507,-0.0013587745030721,-0.00168246922669587,0,0,0,0,0,0,0,0,0,0,0,0,0,0,0,0,0,0,0,0,0,0,0,0
36288000,0.000920138888888889,0.000920138888888889,0.000920138888888889,0.000920138888888889,0.000920138888888889,0.000920138888888889,0.000920138888888889,0.000920138888888889,-0.00010462138387892,-0.00174850940704346,0,0,0,0,0,0,0,0,0,0,-0.00118027943151969,-0.00122073376620257,-0.00139989526183517,-0.00170620653364393,0,0,0,0,0,0,0,0,0,0,0,0,0,0,0,0,0,0,0,0,0,0,0,0
38880000,0.000920138888888889,0.000920138888888889,0.000920138888888889,0.000920138888888889,0.000920138888888889,0.000920138888888889,0.000920138888888889,0.000920138888888889,-0.000187733040915595,-0.00192098246680366,0,0,0,0,0,0,0,0,0,0,-0.000942448863276729,-0.00117102358076307,-0.00142459586814598,-0.00171353640379729,0,0,0,0,0,0,0,0,0,0,0,0,0,0,0,0,0,0,0,0,0,0,0,0
41472000,0.000920138888888889,0.000920138888888889,0.000920138888888889,0.000920138888888889,0.000920138888888889,0.000920138888888889,0.000920138888888889,0.000920138888888889,-0.000261098278893365,-0.00206496344672309,0,0,0,0,0,0,0,0,0,0,-0.000808689682571976,-0.00111382272508409,-0.00142773186718976,-0.00168393541265417,0,0,0,0,0,0,0,0,0,0,0,0,0,0,0,0,0,0,0,0,0,0,0,0
44064000,0.000920138888888889,0.000920138888888889,0.000920138888888889,0.000920138888888889,0.000920138888888889,0.000920138888888889,0.000920138888888889,0.000920138888888889,-0.000337365026827212,-0.00226699052033601,0,-1.75457171819828e-05,0,0,0,0,0,0,0,0,-0.000733641518486871,-0.00109901172143442,-0.00146386923613372,-0.00144101602059823,0,0,0,0,0,0,0,0,0,0,0,0,0,0,0,0,0,0,0,0,0,0,0,0
46656000,0.000920138888888889,0.000920138888888889,0.000920138888888889,0.000920138888888889,0.000920138888888889,0.000920138888888889,0.000920138888888889,0.000920138888888889,-0.000433846403051306,-0.00248388431690357,-2.9000332923951e-06,-9.7457645116029e-05,0,0,0,0,0,0,0,0,-0.000669371375331172,-0.00110938866933187,-0.00140766788412023,-0.00115439980118363,0,0,0,0,0,0,0,0,0,0,0,0,0,0,0,0,0,0,0,0,0,0,0,0
49248000,0.000920138888888889,0.000920138888888889,0.000920138888888889,0.000920138888888889,0.000920138888888889,0.000920138888888889,0.000920138888888889,0.000920138888888889,-0.00054842057051482,-0.00266397882390905,-3.51562240609416e-05,-0.000176122188568115,0,0,0,0,0,0,0,0,-0.000610992246203952,-0.00112231228086683,-0.00116266074003997,-0.0010400175165247,0,0,0,0,0,0,0,0,0,0,0,0,0,0,0,0,0,0,0,0,0,0,0,0
51840000,0.000920138888888889,0.000920138888888889,0.000920138888888889,0.000920138888888889,0.000920138888888889,0.000920138888888889,0.000920138888888889,0.000920138888888889,-0.000668380348770707,-0.00279556627626772,-0.000103637620254799,-0.000243944878931399,0,0,0,0,0,0,0,0,-0.00054194724118268,-0.00113327008706552,-0.000903104587837502,-0.000969213556360315,0,0,0,0,0,0,0,0,0,0,0,0,0,0,0,0,0,0,0,0,0,0,0,0
54432000,0.000920138888888889,0.000920138888888889,0.000920138888888889,0.000920138888888889,0.000920138888888889,0.000920138888888889,0.000920138888888889,0.000920138888888889,-0.000790740030783194,-0.00287969642215305,-0.000181774607411137,-0.000302963256835938,0,0,0,0,0,0,0,0,-0.000466906273806537,-0.00113326620172571,-0.000702963846701163,-0.000902374055650499,0,0,0,0,0,0,0,0,0,0,0,0,0,0,0,0,0,0,0,0,0,0,0,0
57024000,0.000920138888888889,0.000920138888888889,0.000920138888888889,0.000920138888888889,0.000920138888888889,0.000920138888888889,0.000920138888888889,0.000920138888888889,-0.00088908937242296,-0.00292379361611825,-0.000245688778382761,-0.000350194220189695,0,0,0,0,0,0,0,0,-0.000408436722225613,-0.00111475617797286,-0.000590051809946696,-0.000838403083659984,0,0,0,0,0,0,0,0,0,0,0,0,0,0,0,0,0,0,0,0,0,0,0,0
59616000,0.000920138888888889,0.000920138888888889,0.000920138888888889,0.000920138888888889,0.000920138888888889,0.000920138888888889,0.000920138888888889,0.000920138888888889,-0.000966265907994023,-0.00296258961712873,-0.000301690101623535,-0.000395258046962597,0,0,0,0,0,0,0,0,-0.000364937473226477,-0.00108772781160143,-0.000509438205648352,-0.000773837478072555,0,0,0,0,0,0,0,0,0,0,0,0,0,0,0,0,0,0,0,0,0,0,0,0
62208000,0.000920138888888889,0.000920138888888889,0.000920138888888889,0.000920138888888889,0.000920138888888889,0.000920138888888889,0.000920138888888889,0.000920138888888889,-0.00103189547856649,-0.00300376115021882,-0.000352140157311051,-0.000447438778700652,0,0,0,0,0,0,0,0,-0.000329212369742217,-0.00105898874777335,-0.000451750137187816,-0.000685725167945579,0,0,0,0,0,0,0,0,0,0,0,0,0,0,0,0,0,0,0,0,0,0,0,0
64800000,0.000920138888888889,0.000920138888888889,0.000920138888888889,0.000920138888888889,0.000920138888888889,0.000920138888888889,0.000920138888888889,0.000920138888888889,-0.00109106655474062,-0.00303384533634892,-0.000394374750278614,-0.000500075463895445,0,0,0,0,0,0,0,0,-0.000299146616900409,-0.00102625696747391,-0.000406287025522303,-0.000610772547898469,0,0,0,0,0,0,0,0,0,0,0,0,0,0,0,0,0,0,0,0,0,0,0,0
67392000,0.000920138888888889,0.000920138888888889,0.000920138888888889,0.000920138888888889,0.000920138888888889,0.000920138888888889,0.000920138888888889,0.000920138888888889,-0.00114291252913298,-0.00305673422636809,-0.000430903037389119,-0.000547235056206032,0,0,0,0,0,0,0,0,-0.000274626104919999,-0.000992788120552346,-0.00036938625353354,-0.000546708636813694,0,0,0,0,0,0,0,0,0,0,0,0,0,0,0,0,0,0,0,0,0,0,0,0
69984000,0.000920138888888889,0.000920138888888889,0.000920138888888889,0.000920138888888889,0.000920138888888889,0.000920138888888889,0.000920138888888889,0.000920138888888889,-0.00118692486374466,-0.00307482578136303,-0.000463677865487558,-0.000595130169833148,0,0,0,0,0,0,0,0,-0.000252312708784033,-0.00096033528999046,-0.000338586944120902,-0.000489784258383292,0,0,0,0,0,0,0,0,0,0,0,0,0,0,0,0,0,0,0,0,0,0,0,0
72576000,0.000920138888888889,0.000920138888888889,0.000920138888888889,0.000920138888888889,0.000920138888888889,0.000920138888888889,0.000920138888888889,0.000920138888888889,-0.00122265992341218,-0.0030886208569562,-0.000494321319792006,-0.000639833432656747,0,0,0,0,0,0,0,0,-0.000233733896855955,-0.000929051240285238,-0.00031333256650854,-0.000440048200112802,0,0,0,0,0,0,0,0,0,0,0,0,0,0,0,0,0,0,0,0,0,0,0,0
75168000,0.000920138888888889,0.000920138888888889,0.000920138888888889,0.000920138888888889,0.000920138888888889,0.000920138888888889,0.000920138888888889,0.000920138888888889,-0.00125299833439015,-0.00309912187081796,-0.00052116972428781,-0.00067785276307,0,0,0,0,0,0,0,0,-0.000218365214489124,-0.000900326304965549,-0.000290831481968915,-0.000400874305654455,0,0,0,0,0,0,0,0,0,0,0,0,0,0,0,0,0,0,0,0,0,0,0,0
77760000,0.000920138888888889,0.000920138888888889,0.000920138888888889,0.000920138888888889,0.000920138888888889,0.000920138888888889,0.000920138888888889,0.000920138888888889,-0.00127999155609696,-0.00310693740844727,-0.000545007343645449,-0.000713404991008617,0,0,0,0,0,0,0,0,-0.000204434085775305,-0.000874121100814254,-0.000271203363383258,-0.000366741749975416,0,0,0,0,0,0,0,0,0,0,0,0,0,0,0,0,0,0,0,0,0,0,0,0
80352000,0.000920138888888889,0.000920138888888889,0.000920138888888889,0.000920138888888889,0.000920138888888889,0.000920138888888889,0.000920138888888889,0.000920138888888889,-0.00130549042313187,-0.00311276082639341,-0.000566888076287729,-0.000748771384910301,0,0,0,0,0,0,0,0,-0.000191672422267773,-0.000849969298751266,-0.000253785760314376,-0.000332191917631361,0,0,0,0,0,0,0,0,0,0,0,0,0,0,0,0,0,0,0,0,0,0,0,0
82944000,0.000920138888888889,0.000920138888888889,0.000920138888888889,0.000920138888888889,0.000920138888888889,0.000920138888888889,0.000920138888888889,0.000920138888888889,-0.00132885350121392,-0.00311514077363191,-0.000587587179961028,-0.000777743304217303,0,0,0,0,0,0,0,0,-0.00018006338013543,-0.000827314677061858,-0.000238027175267537,-0.000306742147163109,0,0,0,0,0,0,0,0,0,0,0,0,0,0,0,0,0,0,0,0,0,0,0,0
85536000,0.000920138888888889,0.000920138888888889,0.000920138888888889,0.000920138888888889,0.000920138888888889,0.000920138888888889,0.000920138888888889,0.000920138888888889,-0.00135166856977675,-0.00311595634177879,-0.000606684684753418,-0.000803297713950828,0,0,0,0,0,0,0,0,-0.000169545643859439,-0.000805486661416513,-0.00022414626898589,-0.000284938525270533,0,0,0,0,0,0,0,0,0,0,0,0,0,0,0,0,0,0,0,0,0,0,0,0
88128000,0.000920138888888889,0.000920138888888889,0.000920138888888889,0.000920138888888889,0.000920138888888889,0.000920138888888889,0.000920138888888889,0.000920138888888889,-0.0013742298550076,-0.00311533115528248,-0.000623616907331679,-0.000826166382542363,0,0,0,0,0,0,0,0,-0.000159826896808766,-0.000784199326126664,-0.000211843517091539,-0.000266229179170397,0,0,0,0,0,0,0,0,0,0,0,0,0,0,0,0,0,0,0,0,0,0,0,0
90720000,0.000920138888888889,0.000920138888888889,0.000920138888888889,0.000920138888888889,0.000920138888888889,0.000920138888888889,0.000920138888888889,0.000920138888888889,-0.00139627915841562,-0.00311510156702112,-0.000638999100084658,-0.000845962718681053,0,0,0,0,0,0,0,0,-0.000150724207913434,-0.000763242597933169,-0.000200949863151268,-0.000250192637796755,0,0,0,0,0,0,0,0,0,0,0,0,0,0,0,0,0,0,0,0,0,0,0,0
93312000,0.000920138888888889,0.000920138888888889,0.000920138888888889,0.000920138888888889,0.000920138888888889,0.000920138888888889,0.000920138888888889,0.000920138888888889,-0.00141706139953048,-0.00311271879408095,-0.000653035596564964,-0.000866685443454319,0,0,0,0,0,0,0,0,-0.000142253107494778,-0.000742616918351915,-0.000191384642212479,-0.000236369503868951,0,0,0,0,0,0,0,0,0,0,0,0,0,0,0,0,0,0,0,0,0,0,0,0
95904000,0.000920138888888889,0.000920138888888889,0.000920138888888889,0.000920138888888889,0.000920138888888889,0.000920138888888889,0.000920138888888889,0.000920138888888889,-0.001438612319805,-0.00311181245026765,-0.000665484446066397,-0.000883929199642605,0,0,0,0,0,0,0,0,-0.000134492229532312,-0.000721525836873938,-0.000182242470758933,-0.000223496269296717,0,0,0,0,0,0,0,0,0,0,0,0,0,0,0,0,0,0,0,0,0,0,0,0
98496000,0.000920138888888889,0.000920138888888889,0.000920138888888889,0.000920138888888889,0.000920138888888889,0.000920138888888889,0.000920138888888889,0.000920138888888889,-0.00145839797125922,-0.0031104850769043,-0.000676985449261136,-0.000901244393101445,0,0,0,0,0,0,0,0,-0.000127574161246971,-0.000700409103322912,-0.000173863812729164,-0.000212064429565712,0,0,0,0,0,0,0,0,0,0,0,0,0,0,0,0,0,0,0,0,0,0,0,0
101088000,0.000920138888888889,0.000920138888888889,0.000920138888888889,0.000920138888888889,0.000920138888888889,0.000920138888888889,0.000920138888888889,0.000920138888888889,-0.00147683125955087,-0.0031127459914596,-0.000687525360672562,-0.000916721026102702,0,0,0,0,0,0,0,0,-0.000121445600633268,-0.000679110332771584,-0.000166031022866567,-0.00020137835431982,0,0,0,0,0,0,0,0,0,0,0,0,0,0,0,0,0,0,0,0,0,0,0,0
103680000,0.000920138888888889,0.000920138888888889,0.000920138888888889,0.000920138888888889,0.000920138888888889,0.000920138888888889,0.000920138888888889,0.000920138888888889,-0.00149228661148636,-0.0031152923018844,-0.000697788309167933,-0.00093289852142334,0,0,0,0,0,0,0,0,-0.000115974998032605,-0.000656740488829436,-0.000159232406704514,-0.000191721011091162,0,0,0,0,0,0,0,0,0,0,0,0,0,0,0,0,0,0,0,0,0,0,0,0
106272000,0.000920138888888889,0.000920138888888889,0.000920138888888889,0.000920138888888889,0.000920138888888889,0.000920138888888889,0.000920138888888889,0.000920138888888889,-0.00150646262698703,-0.00312191680625633,-0.000706583438096223,-0.000947512520684136,0,0,0,0,0,0,0,0,-0.000111195378833347,-0.000632167127397325,-0.00015298820204205,-0.000182440435444867,0,0,0,0,0,0,0,0,0,0,0,0,0,0,0,0,0,0,0,0,0,0,0,0
108864000,0.000920138888888889,0.000920138888888889,0.000920138888888889,0.000920138888888889,0.000920138888888889,0.000920138888888889,0.000920138888888889,0.000920138888888889,-0.00151805365527118,-0.00313247786627875,-0.000714537832472059,-0.000962516996595595,0,0,0,0,0,0,0,0,-0.000106771047468539,-0.000606282728689688,-0.00014730511992066,-0.000173838160656117,0,0,0,0,0,0,0,0,0,0,0,0,0,0,0,0,0,0,0,0,0,0,0,0
111456000,0.000920138888888889,0.000920138888888889,0.000920138888888889,0.000920138888888889,0.000920138888888889,0.000920138888888889,0.000920138888888889,0.000920138888888889,-0.00152841091156006,-0.00314695252312554,-0.000721464157104492,-0.000976156481990108,0,0,0,0,0,0,0,0,-0.000102661583158705,-0.000578135163695724,-0.000141960227930987,-0.000165631572405497,0,0,0,0,0,0,0,0,0,0,0,0,0,0,0,0,0,0,0,0,0,0,0,0
114048000,0.000920138888888889,0.000920138888888889,0.000920138888888889,0.000920138888888889,0.000920138888888889,0.000920138888888889,0.000920138888888889,0.000920138888888889,-0.00153694894578722,-0.00316572401258681,-0.000727371683827153,-0.00098932283895987,0,0,0,0,0,0,0,0,-9.86876752641466e-05,-0.00054863452911377,-0.000136922719302001,-0.00015783064895206,0,0,0,0,0,0,0,0,0,0,0,0,0,0,0,0,0,0,0,0,0,0,0,0
116640000,0.000920138888888889,0.000920138888888889,0.000920138888888889,0.000920138888888889,0.000920138888888889,0.000920138888888889,0.000920138888888889,0.000920138888888889,-0.00154354996151394,-0.00318700543156377,-0.000732798046535916,-0.00100150461550112,0,0,0,0,0,0,0,0,-9.48550745292946e-05,-0.00051912647706491,-0.000132101707988315,-0.000150520823619984,0,0,0,0,0,0,0,0,0,0,0,0,0,0,0,0,0,0,0,0,0,0,0,0
119232000,0.000920138888888889,0.000920138888888889,0.000920138888888889,0.000920138888888889,0.000920138888888889,0.000920138888888889,0.000920138888888889,0.000920138888888889,-0.00154852796483923,-0.00320977140355993,-0.000737749249846847,-0.00101274843569155,0,0,0,0,0,0,0,0,-9.12135729083308e-05,-0.000490668967918113,-0.000127563233728762,-0.000143568328133336,0,0,0,0,0,0,0,0,0,0,0,0,0,0,0,0,0,0,0,0,0,0,0,0
121824000,0.000920138888888889,0.000920138888888889,0.000920138888888889,0.000920138888888889,0.000920138888888889,0.000920138888888889,0.000920138888888889,0.000920138888888889,-0.00155223970059995,-0.00323066852710865,-0.000742238274327031,-0.00102311602345219,0,0,0,0,0,0,0,0,-8.77925312077558e-05,-0.000464997600626062,-0.00012332237429089,-0.000137030967959651,0,0,0,0,0,0,0,0,0,0,0,0,0,0,0,0,0,0,0,0,0,0,0,0
124416000,0.000920138888888889,0.000920138888888889,0.000920138888888889,0.000920138888888889,0.000920138888888889,0.000920138888888889,0.000920138888888889,0.000920138888888889,-0.00155476057970965,-0.00324947781032986,-0.000746359118708858,-0.00103346135881212,0,0,0,0,0,0,0,0,-8.46035061059175e-05,-0.000442193614112006,-0.000119396249453227,-0.000130983613155506,0,0,0,0,0,0,0,0,0,0,0,0,0,0,0,0,0,0,0,0,0,0,0,0
127008000,0.000920138888888889,0.000920138888888889,0.000920138888888889,0.000920138888888889,0.000920138888888889,0.000920138888888889,0.000920138888888889,0.000920138888888889,-0.00155689857624195,-0.00326625223513003,-0.000750316160696524,-0.00104319784376356,0,0,0,0,0,0,0,0,-8.16798430901986e-05,-0.00042193403950444,-0.000115704514362194,-0.000125339770758594,0,0,0,0,0,0,0,0,0,0,0,0,0,0,0,0,0,0,0,0,0,0,0,0
129600000,0.000920138888888889,0.000920138888888889,0.000920138888888889,0.000920138888888889,0.000920138888888889,0.000920138888888889,0.000920138888888889,0.000920138888888889,-0.0015588739183214,-0.00328124364217122,-0.000754245828699183,-0.00105214498661183,0,0,0,0,0,0,0,0,-7.90534747971429e-05,-0.00040337222593802,-0.000112255811691284,-0.000120112443411792,0,0,0,0,0,0,0,0,0,0,0,0,0,0,0,0,0,0,0,0,0,0,0,0
132192000,0.000920138888888889,0.000920138888888889,0.000920138888888889,0.000920138888888889,0.000920138888888889,0.000920138888888889,0.000920138888888889,0.000920138888888889,-0.00155961160306577,-0.00329571512010362,-0.000757491853502062,-0.00106122829295971,0,0,0,0,0,0,0,0,-7.66520036591424e-05,-0.000386591266702723,-0.000109024765314879,-0.000115303452368136,0,0,0,0,0,0,0,0,0,0,0,0,0,0,0,0,0,0,0,0,0,0,0,0
134784000,0.000920138888888889,0.000920138888888889,0.000920138888888889,0.000920138888888889,0.000920138888888889,0.000920138888888889,0.000920138888888889,0.000920138888888889,-0.00156091478135851,-0.00330817717093009,-0.000760746090500443,-0.00106924789923209,0,0,0,0,0,0,0,0,-7.4485347226814e-05,-0.000371235476599799,-0.000105948370915872,-0.000110797473677882,0,0,0,0,0,0,0,0,0,0,0,0,0,0,0,0,0,0,0,0,0,0,0,0
137376000,0.000920138888888889,0.000920138888888889,0.000920138888888889,0.000920138888888889,0.000920138888888889,0.000920138888888889,0.000920138888888889,0.000920138888888889,-0.00156135117566144,-0.00331980140120895,-0.000763635811982331,-0.00107671040075797,0,0,0,0,0,0,0,0,-7.24586016601986e-05,-0.000357571553300928,-0.000103007974448027,-0.000106588326118611,0,0,0,0,0,0,0,0,0,0,0,0,0,0,0,0,0,0,0,0,0,0,0,0
139968000,0.000920138888888889,0.000920138888888889,0.000920138888888889,0.000920138888888889,0.000920138888888889,0.000920138888888889,0.000920138888888889,0.000920138888888889,-0.00156164010365804,-0.00332985524778013,-0.000766635470920139,-0.00108403038095545,0,0,0,0,0,0,0,0,-7.05897090611634e-05,-0.000345334896334895,-0.000100236557148121,-0.000102694774115527,0,0,0,0,0,0,0,0,0,0,0,0,0,0,0,0,0,0,0,0,0,0,0,0
142560000,0.000920138888888889,0.000920138888888889,0.000920138888888889,0.000920138888888889,0.000920138888888889,0.000920138888888889,0.000920138888888889,0.000920138888888889,-0.00156203888080738,-0.00333937468352141,-0.000769579675462511,-0.00109085153650354,0,0,0,0,0,0,0,0,-6.88587846579375e-05,-0.000334336514826174,-9.75975283869991e-05,-9.910073545244e-05,0,0,0,0,0,0,0,0,0,0,0,0,0,0,0,0,0,0,0,0,0,0,0,0
145152000,0.000920138888888889,0.000920138888888889,0.000920138888888889,0.000920138888888889,0.000920138888888889,0.000920138888888889,0.000920138888888889,0.000920138888888889,-0.00156189494662815,-0.00334725203337493,-0.000772238749044913,-0.00109767693060416,0,0,0,0,0,0,0,0,-6.72357832943952e-05,-0.000324165092574226,-9.51113524260344e-05,-9.58156254556444e-05,0,0,0,0,0,0,0,0,0,0,0,0,0,0,0,0,0,0,0,0,0,0,0,0
147744000,0.000920138888888889,0.000920138888888889,0.000920138888888889,0.000920138888888889,0.000920138888888889,0.000920138888888889,0.000920138888888889,0.000920138888888889,-0.00156212153258147,-0.00335464053683811,-0.000775126881069607,-0.00110384861628215,0,0,0,0,0,0,0,0,-6.57291048102909e-05,-0.000314546249530933,-9.27483483597084e-05,-9.27198374712909e-05,0,0,0,0,0,0,0,0,0,0,0,0,0,0,0,0,0,0,0,0,0,0,0,0
150336000,0.000920138888888889,0.000920138888888889,0.000920138888888889,0.000920138888888889,0.000920138888888889,0.000920138888888889,0.000920138888888889,0.000920138888888889,-0.00156206996352584,-0.00336202798066316,-0.000777998235490587,-0.00110970929816917,0,0,0,0,0,0,0,0,-6.43037756284078e-05,-0.000304960674709744,-9.04539558622572e-05,-8.98308886422051e-05,0,0,0,0,0,0,0,0,0,0,0,0,0,0,0,0,0,0,0,0,0,0,0,0
152928000,0.000920138888888889,0.000920138888888889,0.000920138888888889,0.000920138888888889,0.000920138888888889,0.000920138888888889,0.000920138888888889,0.000920138888888889,-0.00156188929522479,-0.00336888666506167,-0.000780818903887713,-0.00111529915421097,0,0,0,0,0,0,0,0,-6.29497015917743e-05,-0.000296074880494012,-8.82438818613688e-05,-8.71349540021684e-05,0,0,0,0,0,0,0,0,0,0,0,0,0,0,0,0,0,0,0,0,0,0,0,0
155520000,0.000920138888888889,0.000920138888888889,0.000920138888888889,0.000920138888888889,0.000920138888888889,0.000920138888888889,0.000920138888888889,0.000920138888888889,-0.00156166712443034,-0.00337512228224013,-0.000783523541909677,-0.00112051027792471,0,0,0,0,0,0,0,0,-6.1666159718125e-05,-0.000287864296524613,-8.61070387893253e-05,-8.45935278468662e-05,0,0,0,0,0,0,0,0,0,0,0,0,0,0,0,0,0,0,0,0,0,0,0,0
158112000,0.000920138888888889,0.000920138888888889,0.000920138888888889,0.000920138888888889,0.000920138888888889,0.000920138888888889,0.000920138888888889,0.000920138888888889,-0.00156148892861825,-0.00338074578179253,-0.000786429246266683,-0.00112551000383165,0,0,0,0,0,0,0,0,-6.04483209274433e-05,-0.000280386805534363,-8.40805360564479e-05,-8.21906935285639e-05,0,0,0,0,0,0,0,0,0,0,0,0,0,0,0,0,0,0,0,0,0,0,0,0
160704000,0.000920138888888889,0.000920138888888889,0.000920138888888889,0.000920138888888889,0.000920138888888889,0.000920138888888889,0.000920138888888889,0.000920138888888889,-0.00156124768433747,-0.00338561552542227,-0.000789363295943649,-0.00113019987388893,0,0,0,0,0,0,0,0,-5.92755167572587e-05,-0.000273597924797623,-8.21155751193011e-05,-7.98951751656002e-05,0,0,0,0,0,0,0,0,0,0,0,0,0,0,0,0,0,0,0,0,0,0,0,0
163296000,0.000920138888888889,0.000920138888888889,0.000920138888888889,0.000920138888888889,0.000920138888888889,0.000920138888888889,0.000920138888888889,0.000920138888888889,-0.00156124591827393,-0.00338981769703053,-0.000792245511655454,-0.00113470766279433,0,0,0,0,0,0,0,0,-5.81523224159523e-05,-0.000267344404149938,-8.02027406515899e-05,-7.77026293454347e-05,0,0,0,0,0,0,0,0,0,0,0,0,0,0,0,0,0,0,0,0,0,0,0,0
165888000,0.000920138888888889,0.000920138888888889,0.000920138888888889,0.000920138888888889,0.000920138888888889,0.000920138888888889,0.000920138888888889,0.000920138888888889,-0.00156106295409026,-0.00339363804569951,-0.000795128787005389,-0.00113902771914447,0,0,0,0,0,0,0,0,-5.70570042839757e-05,-0.000261590083440145,-7.83529491336257e-05,-7.56103462643094e-05,0,0,0,0,0,0,0,0,0,0,0,0,0,0,0,0,0,0,0,0,0,0,0,0
168480000,0.000920138888888889,0.000920138888888889,0.000920138888888889,0.000920138888888889,0.000920138888888889,0.000920138888888889,0.000920138888888889,0.000920138888888889,-0.00156087204262062,-0.00339727260448315,-0.000797877841525608,-0.00114294131596883,0,0,0,0,0,0,0,0,-5.60015660745126e-05,-0.000256220278916536,-7.65554772482978e-05,-7.36044457665196e-05,0,0,0,0,0,0,0,0,0,0,0,0,0,0,0,0,0,0,0,0,0,0,0,0
171072000,0.000920138888888889,0.000920138888888889,0.000920138888888889,0.000920138888888889,0.000920138888888889,0.000920138888888889,0.000920138888888889,0.000920138888888889,-0.00156046743746157,-0.00340073514867712,-0.000800521815264666,-0.00114660925335354,0,0,0,0,0,0,0,0,-5.49783364490226e-05,-0.000251080040578489,-7.48097123923125e-05,-7.16953972975413e-05,0,0,0,0,0,0,0,0,0,0,0,0,0,0,0,0,0,0,0,0,0,0,0,0
173664000,0.000920138888888889,0.000920138888888889,0.000920138888888889,0.000920138888888889,0.000920138888888889,0.000920138888888889,0.000920138888888889,0.000920138888888889,-0.00156011510778356,-0.00340478084705494,-0.00080312622918023,-0.00115013025425099,0,0,0,0,0,0,0,0,-5.39959580809982e-05,-0.000246130470876341,-7.31059025835108e-05,-6.98912143707275e-05,0,0,0,0,0,0,0,0,0,0,0,0,0,0,0,0,0,0,0,0,0,0,0,0
176256000,0.000920138888888889,0.000920138888888889,0.000920138888888889,0.000920138888888889,0.000920138888888889,0.000920138888888889,0.000920138888888889,0.000920138888888889,-0.00155961372234203,-0.00340868808605053,-0.000805815679055673,-0.00115352365705702,0,0,0,0,0,0,0,0,-5.30399602872354e-05,-0.000241302693331683,-7.14623762501611e-05,-6.82038510287249e-05,0,0,0,0,0,0,0,0,0,0,0,0,0,0,0,0,0,0,0,0,0,0,0,0
178848000,0.000920138888888889,0.000920138888888889,0.000920138888888889,0.000920138888888889,0.000920138888888889,0.000920138888888889,0.000920138888888889,0.000920138888888889,-0.00155883630116781,-0.00341200157448097,-0.000808495592187952,-0.00115647307148686,0,0,0,0,0,0,0,0,-5.210366513994e-05,-0.000236548163272716,-6.98759489589267e-05,-6.6576291013647e-05,0,0,0,0,0,0,0,0,0,0,0,0,0,0,0,0,0,0,0,0,0,0,0,0
181440000,0.000920138888888889,0.000920138888888889,0.000920138888888889,0.000920138888888889,0.000920138888888889,0.000920138888888889,0.000920138888888889,0.000920138888888889,-0.00155844582451714,-0.00341618078726309,-0.000811187691158718,-0.00115928879490605,0,0,0,0,0,0,0,0,-5.12052686126144e-05,-0.000231962270206875,-6.83463006107895e-05,-6.50170555821171e-05,0,0,0,0,0,0,0,0,0,0,0,0,0,0,0,0,0,0,0,0,0,0,0,0
184032000,0.000920138888888889,0.000920138888888889,0.000920138888888889,0.000920138888888889,0.000920138888888889,0.000920138888888889,0.000920138888888889,0.000920138888888889,-0.00155762124944616,-0.00341978991473163,-0.000813615851932102,-0.00116169964825665,0,0,0,0,0,0,0,0,-5.03190137721874e-05,-0.00022740779099641,-6.68545895152622e-05,-6.35081584806796e-05,0,0,0,0,0,0,0,0,0,0,0,0,0,0,0,0,0,0,0,0,0,0,0,0
186624000,0.000920138888888889,0.000920138888888889,0.000920138888888889,0.000920138888888889,0.000920138888888889,0.000920138888888889,0.000920138888888889,0.000920138888888889,-0.00155714688477693,-0.0034242672390408,-0.000816122072714346,-0.00116412109798855,0,0,0,0,0,0,0,0,-4.94705030211696e-05,-0.000223002301322089,-6.54280958352266e-05,-6.20851141435129e-05,0,0,0,0,0,0,0,0,0,0,0,0,0,0,0,0,0,0,0,0,0,0,0,0
189216000,0.000920138888888889,0.000920138888888889,0.000920138888888889,0.000920138888888889,0.000920138888888889,0.000920138888888889,0.000920138888888889,0.000920138888888889,-0.00155628345630787,-0.00342795442651819,-0.000818294772395381,-0.00116607242160373,0,0,0,0,0,0,0,0,-4.86331405463042e-05,-0.000218632751040988,-6.4031735614494e-05,-6.07027389385082e-05,0,0,0,0,0,0,0,0,0,0,0,0,0,0,0,0,0,0,0,0,0,0,0,0
191808000,0.000920138888888889,0.000920138888888889,0.000920138888888889,0.000920138888888889,0.000920138888888889,0.000920138888888889,0.000920138888888889,0.000920138888888889,-0.00155590445907028,-0.00343286902816207,-0.000820578734079997,-0.0011682669321696,0,0,0,0,0,0,0,0,-4.78314580740752e-05,-0.000214411660476967,-6.27074639002482e-05,-5.93988928529951e-05,0,0,0,0,0,0,0,0,0,0,0,0,0,0,0,0,0,0,0,0,0,0,0,0
194400000,0.000920138888888889,0.000920138888888889,0.000920138888888889,0.000920138888888889,0.000920138888888889,0.000920138888888889,0.000920138888888889,0.000920138888888889,-0.00155519414831091,-0.00343667878044976,-0.000822454381872106,-0.00116982866216589,0,0,0,0,0,0,0,0,-4.70448312936006e-05,-0.000210197567939758,-6.14081157578362e-05,-5.81273546925297e-05,0,0,0,0,0,0,0,0,0,0,0,0,0,0,0,0,0,0,0,0,0,0,0,0
196992000,0.000920138888888889,0.000920138888888889,0.000920138888888889,0.000920138888888889,0.000920138888888889,0.000920138888888889,0.000920138888888889,0.000920138888888889,-0.00155478018301505,-0.00344123628404405,-0.000824460718366835,-0.0011714001055117,0,0,0,0,0,0,0,0,-4.62840607872716e-05,-0.000206097651410986,-6.01637584191781e-05,-5.69176453131216e-05,0,0,0,0,0,0,0,0,0,0,0,0,0,0,0,0,0,0,0,0,0,0,0,0
199584000,0.000920138888888889,0.000920138888888889,0.000920138888888889,0.000920138888888889,0.000920138888888889,0.000920138888888889,0.000920138888888889,0.000920138888888889,-0.00155423817811189,-0.00344560976381655,-0.000826499285521331,-0.00117273622088962,0,0,0,0,0,0,0,0,-4.55399299109424e-05,-0.000202054248915778,-5.89607876759988e-05,-5.57498799429999e-05,0,0,0,0,0,0,0,0,0,0,0,0,0,0,0,0,0,0,0,0,0,0,0,0
202176000,0.000920138888888889,0.000920138888888889,0.000920138888888889,0.000920138888888889,0.000920138888888889,0.000920138888888889,0.000920138888888889,0.000920138888888889,-0.00155364160184507,-0.00345006730821398,-0.000828433036804199,-0.00117390093980012,0,0,0,0,0,0,0,0,-4.48142350823791e-05,-0.000198109458993982,-5.77934969354559e-05,-5.46344893950003e-05,0,0,0,0,0,0,0,0,0,0,0,0,0,0,0,0,0,0,0,0,0,0,0,0
204768000,0.000920138888888889,0.000920138888888889,0.000920138888888889,0.000920138888888889,0.000920138888888889,0.000920138888888889,0.000920138888888889,0.000920138888888889,-0.00155284387094003,-0.00345423839710377,-0.000830148502632424,-0.0011747658694232,0,0,0,0,0,0,0,0,-4.41017001867294e-05,-0.000194221425939489,-5.6661715110143e-05,-5.35578473850533e-05,0,0,0,0,0,0,0,0,0,0,0,0,0,0,0,0,0,0,0,0,0,0,0,0
207360000,0.000920138888888889,0.000920138888888889,0.000920138888888889,0.000920138888888889,0.000920138888888889,0.000920138888888889,0.000920138888888889,0.000920138888888889,-0.00155235979292128,-0.00345911273249873,-0.000831908738171613,-0.00117596043480767,0,0,0,0,0,0,0,0,-4.34176513442287e-05,-0.000190451211399502,-5.55730693870121e-05,-5.25452196598053e-05,0,0,0,0,0,0,0,0,0,0,0,0,0,0,0,0,0,0,0,0,0,0,0,0
209952000,0.000920138888888889,0.000920138888888889,0.000920138888888889,0.000920138888888889,0.000920138888888889,0.000920138888888889,0.000920138888888889,0.000920138888888889,-0.00155177028090866,-0.00346386980127405,-0.000833541199013039,-0.00117704409140128,0,0,0,0,0,0,0,0,-4.27495136305138e-05,-0.000186759520460058,-5.45189557252107e-05,-5.15685699604176e-05,0,0,0,0,0,0,0,0,0,0,0,0,0,0,0,0,0,0,0,0,0,0,0,0
212544000,0.000920138888888889,0.000920138888888889,0.000920138888888889,0.000920138888888889,0.000920138888888889,0.000920138888888889,0.000920138888888889,0.000920138888888889,-0.00155101228643347,-0.00346812071623626,-0.000834972240306713,-0.00117775166476214,0,0,0,0,0,0,0,0,-4.20931726694107e-05,-0.000183125038941701,-5.34966256883409e-05,-5.06181407857824e-05,0,0,0,0,0,0,0,0,0,0,0,0,0,0,0,0,0,0,0,0,0,0,0,0
215136000,0.000920138888888889,0.000920138888888889,0.000920138888888889,0.000920138888888889,0.000920138888888889,0.000920138888888889,0.000920138888888889,0.000920138888888889,-0.00155034559744376,-0.00347284846835666,-0.0008364028400845,-0.00117847221869009,0,0,0,0,0,0,0,0,-4.1454682747523e-05,-0.00017959326505661,-5.25163721155237e-05,-4.97089712708085e-05,0,0,0,0,0,0,0,0,0,0,0,0,0,0,0,0,0,0,0,0,0,0,0,0
217728000,0.000920138888888889,0.000920138888888889,0.000920138888888889,0.000920138888888889,0.000920138888888889,0.000920138888888889,0.000920138888888889,0.000920138888888889,-0.0015494712193807,-0.00347736146714952,-0.000837672728079337,-0.00117893713491934,0,0,0,0,0,0,0,0,-4.08261793631094e-05,-0.000176137023501926,-5.15604571059898e-05,-4.88277165978043e-05,0,0,0,0,0,0,0,0,0,0,0,0,0,0,0,0,0,0,0,0,0,0,0,0
220320000,0.000920138888888889,0.000920138888888889,0.000920138888888889,0.000920138888888889,0.000920138888888889,0.000920138888888889,0.000920138888888889,0.000920138888888889,-0.00154884726912887,-0.00348243678057635,-0.000839044076425058,-0.00117947984624792,0,0,0,0,0,0,0,0,-4.02209852580671e-05,-0.000172800620396932,-5.06511330604553e-05,-4.79847634280169e-05,0,0,0,0,0,0,0,0,0,0,0,0,0,0,0,0,0,0,0,0,0,0,0,0
222912000,0.000920138888888889,0.000920138888888889,0.000920138888888889,0.000920138888888889,0.000920138888888889,0.000920138888888889,0.000920138888888889,0.000920138888888889,-0.0015482074243051,-0.00348688372859248,-0.000840382840898302,-0.0011797817548116,0,0,0,0,0,0,0,0,-3.96356538490013e-05,-0.000169525543848673,-4.97797849001708e-05,-4.71674844070717e-05,0,0,0,0,0,0,0,0,0,0,0,0,0,0,0,0,0,0,0,0,0,0,0,0
225504000,0.000920138888888889,0.000920138888888889,0.000920138888888889,0.000920138888888889,0.000920138888888889,0.000920138888888889,0.000920138888888889,0.000920138888888889,-0.00154753049214681,-0.00349115760238082,-0.000841602042869285,-0.00117997867089731,0,0,0,0,0,0,0,0,-3.90602206742322e-05,-0.000166325403584374,-4.89319695366753e-05,-4.63776511174661e-05,0,0,0,0,0,0,0,0,0,0,0,0,0,0,0,0,0,0,0,0,0,0,0,0
228096000,0.000920138888888889,0.000920138888888889,0.000920138888888889,0.000920138888888889,0.000920138888888889,0.000920138888888889,0.000920138888888889,0.000920138888888889,-0.00154704871001067,-0.0034958517992938,-0.000842849943372938,-0.00118026477319223,0,0,0,0,0,0,0,0,-3.85033008125093e-05,-0.000163245190072943,-4.81162358213354e-05,-4.56248610107987e-05,0,0,0,0,0,0,0,0,0,0,0,0,0,0,0,0,0,0,0,0,0,0,0,0
230688000,0.000920138888888889,0.000920138888888889,0.000920138888888889,0.000920138888888889,0.000920138888888889,0.000920138888888889,0.000920138888888889,0.000920138888888889,-0.00154631720648872,-0.00350007163153754,-0.000843933070147479,-0.00118039060522009,0,0,0,0,0,0,0,0,-3.79542316551562e-05,-0.000160233621244077,-4.73196197439123e-05,-4.48944695569851e-05,0,0,0,0,0,0,0,0,0,0,0,0,0,0,0,0,0,0,0,0,0,0,0,0
233280000,0.000920138888888889,0.000920138888888889,0.000920138888888889,0.000920138888888889,0.000920138888888889,0.000920138888888889,0.000920138888888889,0.000920138888888889,-0.00154572628162525,-0.00350447195547598,-0.000845007454907453,-0.00118051732027972,0,0,0,0,0,0,0,0,-3.74223760984562e-05,-0.000157303655589068,-4.65466026906614e-05,-4.41890127129025e-05,0,0,0,0,0,0,0,0,0,0,0,0,0,0,0,0,0,0,0,0,0,0,0,0
235872000,0.000920138888888889,0.000920138888888889,0.000920138888888889,0.000920138888888889,0.000920138888888889,0.000920138888888889,0.000920138888888889,0.000920138888888889,-0.00154522931134259,-0.00350884084348325,-0.000846012080157245,-0.00118055237664117,0,0,0,0,0,0,0,0,-3.69122403639334e-05,-0.00015444286443569,-4.57878548789907e-05,-4.35069037808312e-05,0,0,0,0,0,0,0,0,0,0,0,0,0,0,0,0,0,0,0,0,0,0,0,0
238464000,0.000920138888888889,0.000920138888888889,0.000920138888888889,0.000920138888888889,0.000920138888888889,0.000920138888888889,0.000920138888888889,0.000920138888888889,-0.00154452712447555,-0.00351319948832194,-0.000846944826620596,-0.00118046098285251,0,0,0,0,0,0,0,0,-3.64122677732397e-05,-0.000151651468541887,-4.50445546044244e-05,-4.28454329570134e-05,0,0,0,0,0,0,0,0,0,0,0,0,0,0,0,0,0,0,0,0,0,0,0,0
241056000,0.000920138888888889,0.000920138888888889,0.000920138888888889,0.000920138888888889,0.000920138888888889,0.000920138888888889,0.000920138888888889,0.000920138888888889,-0.0015439619841399,-0.00351759733977141,-0.00084783086070308,-0.00118039943553783,0,0,0,0,0,0,0,0,-3.59274860885408e-05,-0.000148959126737383,-4.43161803263205e-05,-4.22075059678819e-05,0,0,0,0,0,0,0,0,0,0,0,0,0,0,0,0,0,0,0,0,0,0,0,0
243648000,0.000920138888888889,0.000920138888888889,0.000920138888888889,0.000920138888888889,0.000920138888888889,0.000920138888888889,0.000920138888888889,0.000920138888888889,-0.00154320098735668,-0.00352186662179452,-0.000848587707236961,-0.0011802942664535,0,0,0,0,0,0,0,0,-3.54506848035035e-05,-0.000146343895682582,-4.35987473637969e-05,-4.1587703205921e-05,0,0,0,0,0,0,0,0,0,0,0,0,0,0,0,0,0,0,0,0,0,0,0,0
246240000,0.000920138888888889,0.000920138888888889,0.000920138888888889,0.000920138888888889,0.000920138888888889,0.000920138888888889,0.000920138888888889,0.000920138888888889,-0.00154265774620904,-0.00352636619850441,-0.000849425969300447,-0.00118035422431098,0,0,0,0,0,0,0,0,-3.49904072505456e-05,-0.000143809042595051,-4.29051810944522e-05,-4.09917450613446e-05,0,0,0,0,0,0,0,0,0,0,0,0,0,0,0,0,0,0,0,0,0,0,0,0
248832000,0.000920138888888889,0.000920138888888889,0.000920138888888889,0.000920138888888889,0.000920138888888889,0.000920138888888889,0.000920138888888889,0.000920138888888889,-0.00154194743544967,-0.00353023175840025,-0.000850176458005552,-0.00118013249503242,0,0,0,0,0,0,0,0,-3.45367855495877e-05,-0.000141317623632926,-4.22397117923807e-05,-4.0404854549302e-05,0,0,0,0,0,0,0,0,0,0,0,0,0,0,0,0,0,0,0,0,0,0,0,0
251424000,0.000920138888888889,0.000920138888888889,0.000920138888888889,0.000920138888888889,0.000920138888888889,0.000920138888888889,0.000920138888888889,0.000920138888888889,-0.00154137699692338,-0.00353459428857874,-0.000850999796832049,-0.00118008410489118,0,0,0,0,0,0,0,0,-3.40944335416511e-05,-0.000138915048705207,-4.15967128894947e-05,-3.98424516121546e-05,0,0,0,0,0,0,0,0,0,0,0,0,0,0,0,0,0,0,0,0,0,0,0,0
254016000,0.000920138888888889,0.000920138888888889,0.000920138888888889,0.000920138888888889,0.000920138888888889,0.000920138888888889,0.000920138888888889,0.000920138888888889,-0.00154068717250118,-0.00353857676188151,-0.000851697656843397,-0.00117982890870836,0,0,0,0,0,0,0,0,-3.36568554242452e-05,-0.000136561802139989,-4.09667800973963e-05,-3.92910838127136e-05,0,0,0,0,0,0,0,0,0,0,0,0,0,0,0,0,0,0,0,0,0,0,0,0
256608000,0.000920138888888889,0.000920138888888889,0.000920138888888889,0.000920138888888889,0.000920138888888889,0.000920138888888889,0.000920138888888889,0.000920138888888889,-0.001539989400793,-0.00354261892813223,-0.00085232037085074,-0.00117950059749462,0,0,0,0,0,0,0,0,-3.3226810671665e-05,-0.000134278535842895,-4.03555123894303e-05,-3.87532208804731e-05,0,0,0,0,0,0,0,0,0,0,0,0,0,0,0,0,0,0,0,0,0,0,0,0
259200000,0.000920138888888889,0.000920138888888889,0.000920138888888889,0.000920138888888889,0.000920138888888889,0.000920138888888889,0.000920138888888889,0.000920138888888889,-0.00153935132203279,-0.0035466769889549,-0.00085295836130778,-0.00117923612947817,0,0,0,0,0,0,0,0,-3.28070422013601e-05,-0.000132064598577994,-3.97629290819168e-05,-3.82327315983949e-05,0,0,0,0,0,0,0,0,0,0,0,0,0,0,0,0,0,0,0,0,0,0,0,0
261792000,0.000920138888888889,0.000920138888888889,0.000920138888888889,0.000920138888888889,0.000920138888888889,0.000920138888888889,0.000920138888888889,0.000920138888888889,-0.00153876181002016,-0.0035506425080476,-0.000853567388322618,-0.00117894102025915,0,0,0,0,0,0,0,0,-3.23960074671993e-05,-0.000129911259368614,-3.91807848656619e-05,-3.77262935594276e-05,0,0,0,0,0,0,0,0,0,0,0,0,0,0,0,0,0,0,0,0,0,0,0,0
264384000,0.000920138888888889,0.000920138888888889,0.000920138888888889,0.000920138888888889,0.000920138888888889,0.000920138888888889,0.000920138888888889,0.000920138888888889,-0.00153827490629973,-0.00355459425184462,-0.000854239640412507,-0.00117871425769947,0,0,0,0,0,0,0,0,-3.19953511158625e-05,-0.000127827370608294,-3.86088727800934e-05,-3.72368731984386e-05,0,0,0,0,0,0,0,0,0,0,0,0,0,0,0,0,0,0,0,0,0,0,0,0
266976000,0.000920138888888889,0.000920138888888889,0.000920138888888889,0.000920138888888889,0.000920138888888889,0.000920138888888889,0.000920138888888889,0.000920138888888889,-0.00153764442161277,-0.00355806315386737,-0.000854932643749096,-0.00117833676161589,0,0,0,0,0,0,0,0,-3.160094221433e-05,-0.000125787269186091,-3.80490858245779e-05,-3.67556153624146e-05,0,0,0,0,0,0,0,0,0,0,0,0,0,0,0,0,0,0,0,0,0,0,0,0
269568000,0.000920138888888889,0.000920138888888889,0.000920138888888889,0.000920138888888889,0.000920138888888889,0.000920138888888889,0.000920138888888889,0.000920138888888889,-0.00153713632512976,-0.00356151828059444,-0.000855704148610433,-0.00117800915682757,0,0,0,0,0,0,0,0,-3.12189702634458e-05,-0.000123801948847594,-3.7499757276641e-05,-3.62916207975811e-05,0,0,0,0,0,0,0,0,0,0,0,0,0,0,0,0,0,0,0,0,0,0,0,0
272160000,0.000920138888888889,0.000920138888888889,0.000920138888888889,0.000920138888888889,0.000920138888888889,0.000920138888888889,0.000920138888888889,0.000920138888888889,-0.00153670416937934,-0.00356480986983688,-0.00085646046532525,-0.00117769055896335,0,0,0,0,0,0,0,0,-3.08454229875847e-05,-0.000121866906130755,-3.69613617658615e-05,-3.58401404486762e-05,0,0,0,0,0,0,0,0,0,0,0,0,0,0,0,0,0,0,0,0,0,0,0,0
274752000,0.000920138888888889,0.000920138888888889,0.000920138888888889,0.000920138888888889,0.000920138888888889,0.000920138888888889,0.000920138888888889,0.000920138888888889,-0.00153631916752568,-0.00356794216014721,-0.000857181195859556,-0.00117745178717154,0,0,0,0,0,0,0,0,-3.04799858066771e-05,-0.00011998297991576,-3.64339931143655e-05,-3.54027803297396e-05,0,0,0,0,0,0,0,0,0,0,0,0,0,0,0,0,0,0,0,0,0,0,0,0
277344000,0.000920138888888889,0.000920138888888889,0.000920138888888889,0.000920138888888889,0.000920138888888889,0.000920138888888889,0.000920138888888889,0.000920138888888889,-0.00153602653079563,-0.00357086499532064,-0.00085783216688368,-0.001177194736622,0,0,0,0,0,0,0,0,-3.01221013069153e-05,-0.000118151538901859,-3.59175575000268e-05,-3.49742063769588e-05,0,0,0,0,0,0,0,0,0,0,0,0,0,0,0,0,0,0,0,0,0,0,0,0
279936000,0.000920138888888889,0.000920138888888889,0.000920138888888889,0.000920138888888889,0.000920138888888889,0.000920138888888889,0.000920138888888889,0.000920138888888889,-0.00153576427035862,-0.00357391110172978,-0.000858486934944435,-0.0011770161875972,0,0,0,0,0,0,0,0,-2.97696143388748e-05,-0.000116368543218683,-3.54168646865421e-05,-3.45569711040567e-05,0,0,0,0,0,0,0,0,0,0,0,0,0,0,0,0,0,0,0,0,0,0,0,0
282528000,0.000920138888888889,0.000920138888888889,0.000920138888888889,0.000920138888888889,0.000920138888888889,0.000920138888888889,0.000920138888888889,0.000920138888888889,-0.00153551207648383,-0.00357674881264015,-0.00085908156854135,-0.00117678041811343,0,0,0,0,0,0,0,0,-2.94232313279752e-05,-0.000114625504723302,-3.49298616250356e-05,-3.41488062231629e-05,0,0,0,0,0,0,0,0,0,0,0,0,0,0,0,0,0,0,0,0,0,0,0,0
285120000,0.000920138888888889,0.000920138888888889,0.000920138888888889,0.000920138888888889,0.000920138888888889,0.000920138888888889,0.000920138888888889,0.000920138888888889,-0.0015352780730636,-0.00357951411494502,-0.000859630814305058,-0.00117652813593547,0,0,0,0,0,0,0,0,-2.90837056106991e-05,-0.000112926562627157,-3.44578756226434e-05,-3.37510969903734e-05,0,0,0,0,0,0,0,0,0,0,0,0,0,0,0,0,0,0,0,0,0,0,0,0
287712000,0.000920138888888889,0.000920138888888889,0.000920138888888889,0.000920138888888889,0.000920138888888889,0.000920138888888889,0.000920138888888889,0.000920138888888889,-0.00153506808810764,-0.00358226069697627,-0.000860175821516249,-0.00117630667156643,0,0,0,0,0,0,0,0,-2.87524252026169e-05,-0.000111270624178427,-3.4000547947707e-05,-3.33642794026269e-05,0,0,0,0,0,0,0,0,0,0,0,0,0,0,0,0,0,0,0,0,0,0,0,0
290304000,0.000920138888888889,0.000920138888888889,0.000920138888888889,0.000920138888888889,0.000920138888888889,0.000920138888888889,0.000920138888888889,0.000920138888888889,-0.00153481589423286,-0.00358492215474447,-0.000860693366439254,-0.00117609642170094,0,0,0,0,0,0,0,0,-2.842809315081e-05,-0.000109650768615581,-3.3556471268336e-05,-3.29866536237575e-05,0,0,0,0,0,0,0,0,0,0,0,0,0,0,0,0,0,0,0,0,0,0,0,0
292896000,0.000920138888888889,0.000920138888888889,0.000920138888888889,0.000920138888888889,0.000920138888888889,0.000920138888888889,0.000920138888888889,0.000920138888888889,-0.0015346207442107,-0.00358757160328053,-0.000861186892897994,-0.00117587645848592,0,0,0,0,0,0,0,0,-2.81119594971339e-05,-0.000108063618342082,-3.31278007339548e-05,-3.26173504193624e-05,0,0,0,0,0,0,0,0,0,0,0,0,0,0,0,0,0,0,0,0,0,0,0,0
295488000,0.000920138888888889,0.000920138888888889,0.000920138888888889,0.000920138888888889,0.000920138888888889,0.000920138888888889,0.000920138888888889,0.000920138888888889,-0.0015344218854551,-0.00359018113878038,-0.000861661257567229,-0.00117566885771575,0,0,0,0,0,0,0,0,-2.78019215221758e-05,-0.000106512848977689,-3.27130848610843e-05,-3.22570099874779e-05,0,0,0,0,0,0,0,0,0,0,0,0,0,0,0,0,0,0,0,0,0,0,0,0
298080000,0.000920138888888889,0.000920138888888889,0.000920138888888889,0.000920138888888889,0.000920138888888889,0.000920138888888889,0.000920138888888889,0.000920138888888889,-0.00153419070773655,-0.00359262113217954,-0.000862180215341073,-0.00117540474291201,0,0,0,0,0,0,0,0,-2.74968009304117e-05,-0.000105005999406179,-3.23150362129565e-05,-3.19031957123015e-05,0,0,0,0,0,0,0,0,0,0,0,0,0,0,0,0,0,0,0,0,0,0,0,0
300672000,0.000920138888888889,0.000920138888888889,0.000920138888888889,0.000920138888888889,0.000920138888888889,0.000920138888888889,0.000920138888888889,0.000920138888888889,-0.00153393763082999,-0.00359514342414008,-0.000862731315471508,-0.00117515908347236,0,0,0,0,0,0,0,0,-2.71967688092479e-05,-0.000103553312796134,-3.19287125711088e-05,-3.15577343658165e-05,0,0,0,0,0,0,0,0,0,0,0,0,0,0,0,0,0,0,0,0,0,0,0,0
303264000,0.000920138888888889,0.000920138888888889,0.000920138888888889,0.000920138888888889,0.000920138888888889,0.000920138888888889,0.000920138888888889,0.000920138888888889,-0.00153371351736563,-0.00359748522440592,-0.000863267227455422,-0.00117489081841928,0,0,0,0,0,0,0,0,-2.69027937341619e-05,-0.000102130273977915,-3.15518318502991e-05,-3.12196601320196e-05,0,0,0,0,0,0,0,0,0,0,0,0,0,0,0,0,0,0,0,0,0,0,0,0
305856000,0.000920138888888889,0.000920138888888889,0.000920138888888889,0.000920138888888889,0.000920138888888889,0.000920138888888889,0.000920138888888889,0.000920138888888889,-0.00153348092679624,-0.00359983161643699,-0.000863792366451687,-0.00117470599986889,0,0,0,0,0,0,0,0,-2.66140782170826e-05,-0.000100742876529694,-3.11843471394645e-05,-3.08937248256471e-05,0,0,0,0,0,0,0,0,0,0,0,0,0,0,0,0,0,0,0,0,0,0,0,0
308448000,0.000920138888888889,0.000920138888888889,0.000920138888888889,0.000920138888888889,0.000920138888888889,0.000920138888888889,0.000920138888888889,0.000920138888888889,-0.0015332391526964,-0.0036019915121573,-0.000864271234582972,-0.00117452453683924,0,0,0,0,0,0,0,0,-2.6330437373232e-05,-9.93848730016638e-05,-3.08252236357442e-05,-3.05742549675482e-05,0,0,0,0,0,0,0,0,0,0,0,0,0,0,0,0,0,0,0,0,0,0,0,0
311040000,0.000920138888888889,0.000920138888888889,0.000920138888888889,0.000920138888888889,0.000920138888888889,0.000920138888888889,0.000920138888888889,0.000920138888888889,-0.00153302439936885,-0.00360417966489439,-0.000864753369931821,-0.00117437910150599,0,0,0,0,0,0,0,0,-2.60526797285786e-05,-9.80672129878291e-05,-3.0475992847372e-05,-3.02616562004443e-05,0,0,0,0,0,0,0,0,0,0,0,0,0,0,0,0,0,0,0,0,0,0,0,0
